Year,Fuel_Price_NGN_per_Litre,Transport_Price_NGN,Fee_Bus_17Seater_NGN,Fee_ShuttleBus_7Seater_NGN,Fee_Tricycle_4Seater_NGN,Festive_Period,Period
Jan-2016,87.57,15.0,100,30,15,0,2016-01-01
Jan-2016,86.87,15.0,100,30,15,0,2016-01-01
Feb-2016,87.75,15.0,100,30,15,0,2016-02-01
Feb-2016,87.41,15.0,100,30,15,0,2016-02-01
Mar-2016,86.15,25.0,100,30,15,1,2016-03-01
Mar-2016,87.55,30.0,100,30,15,1,2016-03-01
Apr-2016,87.6,15.0,100,30,15,0,2016-04-01
Apr-2016,86.22,15.0,100,30,15,0,2016-04-01
May-2016,144.83,20.0,150,40,20,0,2016-05-01
May-2016,144.55,20.0,150,40,20,0,2016-05-01
Jun-2016,146.49,20.0,150,40,20,0,2016-06-01
Jun-2016,145.5,20.0,150,40,20,0,2016-06-01
Jul-2016,146.12,20.0,150,40,20,0,2016-07-01
Jul-2016,144.8,20.0,150,40,20,0,2016-07-01
Aug-2016,144.05,20.0,150,40,20,0,2016-08-01
Aug-2016,145.19,20.0,150,40,20,0,2016-08-01
Sep-2016,143.48,20.0,150,40,20,0,2016-09-01
Sep-2016,146.14,20.0,150,40,20,0,2016-09-01
Oct-2016,145.46,20.0,150,40,20,0,2016-10-01
Oct-2016,145.9,20.0,150,40,20,0,2016-10-01
Nov-2016,144.49,20.0,150,40,20,0,2016-11-01
Nov-2016,146.64,20.0,150,40,20,0,2016-11-01
Dec-2016,146.37,20.0,150,40,20,0,2016-12-01
Dec-2016,145.97,20.0,150,40,20,0,2016-12-01
Jan-2017,143.94,20.0,150,40,20,0,2017-01-01
Jan-2017,144.88,20.0,150,40,20,0,2017-01-01
Feb-2017,143.41,20.0,150,40,20,0,2017-02-01
Feb-2017,143.8,20.0,150,40,20,0,2017-02-01
Mar-2017,145.64,40.0,150,40,20,1,2017-03-01
Mar-2017,146.63,35.0,150,40,20,1,2017-03-01
Apr-2017,144.39,20.0,150,40,20,0,2017-04-01
Apr-2017,144.55,20.0,150,40,20,0,2017-04-01
May-2017,144.89,20.0,150,40,20,0,2017-05-01
May-2017,143.92,20.0,150,40,20,0,2017-05-01
Jun-2017,143.71,20.0,150,40,20,0,2017-06-01
Jun-2017,144.92,20.0,150,40,20,0,2017-06-01
Jul-2017,144.05,20.0,150,40,20,0,2017-07-01
Jul-2017,145.59,20.0,150,40,20,0,2017-07-01
Aug-2017,144.78,20.0,150,40,20,0,2017-08-01
Aug-2017,146.16,20.0,150,40,20,0,2017-08-01
Sep-2017,145.7,20.0,150,40,20,0,2017-09-01
Sep-2017,144.35,20.0,150,40,20,0,2017-09-01
Oct-2017,146.16,20.0,150,40,20,0,2017-10-01
Oct-2017,146.06,20.0,150,40,20,0,2017-10-01
Nov-2017,144.61,20.0,150,40,20,0,2017-11-01
Nov-2017,144.26,20.0,150,40,20,0,2017-11-01
Dec-2017,145.64,20.0,150,40,20,0,2017-12-01
Dec-2017,143.75,20.0,150,40,20,0,2017-12-01
Jan-2018,143.96,20.0,150,40,20,0,2018-01-01
Jan-2018,143.29,20.0,150,40,20,0,2018-01-01
Feb-2018,146.0,20.0,150,40,20,0,2018-02-01
Feb-2018,145.57,20.0,150,40,20,0,2018-02-01
Mar-2018,145.71,30.0,150,40,20,1,2018-03-01
Mar-2018,144.86,40.0,150,40,20,1,2018-03-01
Apr-2018,145.24,20.0,150,40,20,0,2018-04-01
Apr-2018,143.75,20.0,150,40,20,0,2018-04-01
May-2018,143.66,20.0,150,40,20,0,2018-05-01
May-2018,145.59,20.0,150,40,20,0,2018-05-01
Jun-2018,144.9,20.0,150,40,20,0,2018-06-01
Jun-2018,145.23,20.0,150,40,20,0,2018-06-01
Jul-2018,145.92,20.0,150,40,20,0,2018-07-01
Jul-2018,145.47,20.0,150,40,20,0,2018-07-01
Aug-2018,145.19,20.0,150,40,20,0,2018-08-01
Aug-2018,145.21,20.0,150,40,20,0,2018-08-01
Sep-2018,144.32,20.0,150,40,20,0,2018-09-01
Sep-2018,143.37,20.0,150,40,20,0,2018-09-01
Oct-2018,144.78,20.0,150,40,20,0,2018-10-01
Oct-2018,144.01,20.0,150,40,20,0,2018-10-01
Nov-2018,144.68,20.0,150,40,20,0,2018-11-01
Nov-2018,146.23,20.0,150,40,20,0,2018-11-01
Dec-2018,144.07,20.0,150,40,20,0,2018-12-01
Dec-2018,143.46,20.0,150,40,20,0,2018-12-01
Jan-2019,144.24,20.0,150,40,20,0,2019-01-01
Jan-2019,144.28,20.0,150,40,20,0,2019-01-01
Feb-2019,145.56,20.0,150,40,20,0,2019-02-01
Feb-2019,145.2,20.0,150,40,20,0,2019-02-01
Mar-2019,145.99,40.0,150,40,20,1,2019-03-01
Mar-2019,144.67,35.0,150,40,20,1,2019-03-01
Apr-2019,146.09,20.0,150,40,20,0,2019-04-01
Apr-2019,143.84,20.0,150,40,20,0,2019-04-01
May-2019,143.34,20.0,150,40,20,0,2019-05-01
May-2019,143.57,20.0,150,40,20,0,2019-05-01
Jun-2019,145.77,20.0,150,40,20,0,2019-06-01
Jun-2019,144.87,20.0,150,40,20,0,2019-06-01
Jul-2019,143.82,20.0,150,40,20,0,2019-07-01
Jul-2019,145.0,20.0,150,40,20,0,2019-07-01
Aug-2019,143.79,20.0,150,40,20,0,2019-08-01
Aug-2019,145.68,20.0,150,40,20,0,2019-08-01
Sep-2019,144.81,20.0,150,40,20,0,2019-09-01
Sep-2019,144.59,20.0,150,40,20,0,2019-09-01
Oct-2019,144.31,20.0,150,40,20,0,2019-10-01
Oct-2019,145.45,20.0,150,40,20,0,2019-10-01
Nov-2019,144.52,20.0,150,40,20,0,2019-11-01
Nov-2019,143.57,20.0,150,40,20,0,2019-11-01
Dec-2019,143.67,20.0,150,40,20,0,2019-12-01
Dec-2019,146.61,20.0,150,40,20,0,2019-12-01
Jan-2020,146.42,20.0,150,40,20,0,2020-01-01
Jan-2020,145.69,20.0,150,40,20,0,2020-01-01
Feb-2020,144.19,20.0,150,40,20,0,2020-02-01
Feb-2020,146.63,20.0,150,40,20,0,2020-02-01
Mar-2020,125.84,30.0,200,50,25,0,2020-03-01
Mar-2020,125.65,30.0,200,50,25,0,2020-03-01
Apr-2020,123.35,30.0,200,50,25,0,2020-04-01
Apr-2020,122.82,30.0,200,50,25,0,2020-04-01
May-2020,120.32,30.0,200,50,25,0,2020-05-01
May-2020,122.67,30.0,200,50,25,0,2020-05-01
Jun-2020,121.37,30.0,200,50,25,0,2020-06-01
Jun-2020,120.63,30.0,200,50,25,0,2020-06-01
Jul-2020,137.36,30.0,200,50,25,0,2020-07-01
Jul-2020,138.26,30.0,200,50,25,0,2020-07-01
Aug-2020,146.85,30.0,200,50,25,0,2020-08-01
Aug-2020,149.27,30.0,200,50,25,0,2020-08-01
Sep-2020,152.5,50.0,250,70,35,0,2020-09-01
Sep-2020,152.36,50.0,250,70,35,0,2020-09-01
Oct-2020,157.74,50.0,250,70,35,0,2020-10-01
Oct-2020,158.48,50.0,250,70,35,0,2020-10-01
Nov-2020,163.33,50.0,250,70,35,0,2020-11-01
Nov-2020,163.59,50.0,250,70,35,0,2020-11-01
Dec-2020,166.32,50.0,250,70,35,0,2020-12-01
Dec-2020,167.66,50.0,250,70,35,0,2020-12-01
Jan-2021,165.28,50.0,250,70,35,0,2021-01-01
Jan-2021,167.1,50.0,250,70,35,0,2021-01-01
Feb-2021,165.56,50.0,250,70,35,0,2021-02-01
Feb-2021,164.82,50.0,250,70,35,0,2021-02-01
Mar-2021,164.5,60.0,250,70,35,1,2021-03-01
Mar-2021,164.77,90.0,250,70,35,1,2021-03-01
Apr-2021,167.62,50.0,250,70,35,0,2021-04-01
Apr-2021,166.25,50.0,250,70,35,0,2021-04-01
May-2021,165.16,50.0,250,70,35,0,2021-05-01
May-2021,166.13,50.0,250,70,35,0,2021-05-01
Jun-2021,163.71,50.0,250,70,35,0,2021-06-01
Jun-2021,167.43,50.0,250,70,35,0,2021-06-01
Jul-2021,165.29,50.0,250,70,35,0,2021-07-01
Jul-2021,166.48,50.0,250,70,35,0,2021-07-01
Aug-2021,163.45,50.0,250,70,35,0,2021-08-01
Aug-2021,165.05,50.0,250,70,35,0,2021-08-01
Sep-2021,164.81,50.0,250,70,35,0,2021-09-01
Sep-2021,166.58,50.0,250,70,35,0,2021-09-01
Oct-2021,166.51,50.0,250,70,35,0,2021-10-01
Oct-2021,166.12,50.0,250,70,35,0,2021-10-01
Nov-2021,166.66,50.0,250,70,35,0,2021-11-01
Nov-2021,166.92,50.0,250,70,35,0,2021-11-01
Dec-2021,165.85,50.0,250,70,35,0,2021-12-01
Dec-2021,165.53,50.0,250,70,35,0,2021-12-01
Jan-2022,164.49,70.0,300,90,45,0,2022-01-01
Jan-2022,167.7,70.0,300,90,45,0,2022-01-01
Feb-2022,172.04,70.0,300,90,45,0,2022-02-01
Feb-2022,168.95,70.0,300,90,45,0,2022-02-01
Mar-2022,185.54,105.0,300,90,45,1,2022-03-01
Mar-2022,186.07,90.0,300,90,45,1,2022-03-01
Apr-2022,171.75,70.0,300,90,45,0,2022-04-01
Apr-2022,173.32,70.0,300,90,45,0,2022-04-01
May-2022,174.02,70.0,300,90,45,0,2022-05-01
May-2022,174.2,70.0,300,90,45,0,2022-05-01
Jun-2022,174.23,70.0,300,90,45,0,2022-06-01
Jun-2022,177.65,70.0,300,90,45,0,2022-06-01
Jul-2022,181.49,90.0,380,110,55,0,2022-07-01
Jul-2022,180.65,90.0,380,110,55,0,2022-07-01
Aug-2022,189.71,90.0,380,110,55,0,2022-08-01
Aug-2022,188.87,90.0,380,110,55,0,2022-08-01
Sep-2022,193.17,90.0,380,110,55,0,2022-09-01
Sep-2022,193.07,90.0,380,110,55,0,2022-09-01
Oct-2022,194.43,90.0,380,110,55,0,2022-10-01
Oct-2022,197.41,90.0,380,110,55,0,2022-10-01
Nov-2022,201.46,90.0,380,110,55,0,2022-11-01
Nov-2022,202.55,90.0,380,110,55,0,2022-11-01
Dec-2022,204.98,90.0,380,110,55,0,2022-12-01
Dec-2022,208.35,90.0,380,110,55,0,2022-12-01
Jan-2023,216.39,100.0,450,130,65,0,2023-01-01
Jan-2023,215.76,100.0,450,130,65,0,2023-01-01
Feb-2023,229.74,100.0,450,130,65,0,2023-02-01
Feb-2023,232.81,100.0,450,130,65,0,2023-02-01
Mar-2023,244.32,100.0,450,130,65,0,2023-03-01
Mar-2023,243.49,100.0,450,130,65,0,2023-03-01
Apr-2023,256.38,100.0,450,130,65,0,2023-04-01
Apr-2023,256.4,100.0,450,130,65,0,2023-04-01
May-2023,238.22,100.0,450,130,65,0,2023-05-01
May-2023,237.06,100.0,450,130,65,0,2023-05-01
Jun-2023,553.59,225.0,550,150,75,1,2023-06-01
Jun-2023,548.33,260.0,550,150,75,1,2023-06-01
Jul-2023,610.99,150.0,550,150,75,0,2023-07-01
Jul-2023,620.65,150.0,550,150,75,0,2023-07-01
Aug-2023,618.0,150.0,550,150,75,0,2023-08-01
Aug-2023,628.06,150.0,550,150,75,0,2023-08-01
Sep-2023,622.19,150.0,550,150,75,0,2023-09-01
Sep-2023,620.42,150.0,550,150,75,0,2023-09-01
Oct-2023,635.64,150.0,550,150,75,0,2023-10-01
Oct-2023,625.38,150.0,550,150,75,0,2023-10-01
Nov-2023,646.23,150.0,550,150,75,0,2023-11-01
Nov-2023,652.8,150.0,550,150,75,0,2023-11-01
Dec-2023,677.9,150.0,550,150,75,0,2023-12-01
Dec-2023,666.97,150.0,550,150,75,0,2023-12-01
Jan-2024,676.11,180.0,620,170,85,0,2024-01-01
Jan-2024,683.73,180.0,620,170,85,0,2024-01-01
Feb-2024,694.32,180.0,620,170,85,0,2024-02-01
Feb-2024,686.56,180.0,620,170,85,0,2024-02-01
Mar-2024,687.96,360.0,620,170,85,1,2024-03-01
Mar-2024,689.39,225.0,620,170,85,1,2024-03-01
Apr-2024,695.04,180.0,620,170,85,0,2024-04-01
Apr-2024,704.23,180.0,620,170,85,0,2024-04-01
May-2024,762.63,180.0,620,170,85,0,2024-05-01
May-2024,769.74,180.0,620,170,85,0,2024-05-01
Jun-2024,753.67,180.0,620,170,85,0,2024-06-01
Jun-2024,751.63,180.0,620,170,85,0,2024-06-01
Jul-2024,794.24,200.0,700,180,90,0,2024-07-01
Jul-2024,805.84,200.0,700,180,90,0,2024-07-01
Aug-2024,884.55,200.0,700,180,90,0,2024-08-01
Aug-2024,885.05,200.0,700,180,90,0,2024-08-01
Sep-2024,1021.34,200.0,700,180,90,0,2024-09-01
Sep-2024,1021.16,200.0,700,180,90,0,2024-09-01
Oct-2024,1196.99,200.0,700,180,90,0,2024-10-01
Oct-2024,1181.92,200.0,700,180,90,0,2024-10-01
Nov-2024,1208.37,200.0,700,180,90,0,2024-11-01
Nov-2024,1213.84,200.0,700,180,90,0,2024-11-01
Dec-2024,1193.77,200.0,700,180,90,0,2024-12-01
Dec-2024,1202.12,200.0,700,180,90,0,2024-12-01
Jan-2025,1164.0,500.0,750,190,95,1,2025-01-01
Jan-2025,1156.66,500.0,750,190,95,1,2025-01-01
Feb-2025,1131.5,310.0,750,190,95,1,2025-02-01
Feb-2025,1119.31,440.0,750,190,95,1,2025-02-01
Mar-2025,1080.59,250.0,750,190,95,0,2025-03-01
Mar-2025,1087.88,250.0,750,190,95,0,2025-03-01
Apr-2025,1061.75,250.0,750,190,95,0,2025-04-01
Apr-2025,1052.42,250.0,750,190,95,0,2025-04-01
May-2025,1038.44,250.0,750,190,95,0,2025-05-01
May-2025,1035.27,250.0,750,190,95,0,2025-05-01
Jun-2025,1036.85,250.0,750,190,95,0,2025-06-01
Jun-2025,1044.75,250.0,750,190,95,0,2025-06-01
Jul-2025,1027.97,250.0,750,190,95,0,2025-07-01
Jul-2025,1030.24,250.0,750,190,95,0,2025-07-01
Aug-2025,1053.26,250.0,750,190,95,0,2025-08-01
Aug-2025,1052.44,250.0,750,190,95,0,2025-08-01
Sep-2025,1043.26,300.0,800,200,100,0,2025-09-01
Sep-2025,1050.78,300.0,800,200,100,0,2025-09-01
Oct-2025,1054.99,300.0,800,200,100,0,2025-10-01
Oct-2025,1061.6,300.0,800,200,100,0,2025-10-01
Nov-2025,1063.98,300.0,800,200,100,0,2025-11-01
Nov-2025,1059.12,300.0,800,200,100,0,2025-11-01
Dec-2025,1064.78,300.0,800,200,100,0,2025-12-01
Dec-2025,1066.1,300.0,800,200,100,0,2025-12-01
Jan-2026,1078.92,300.0,800,200,100,0,2026-01-01
Jan-2026,1084.48,300.0,800,200,100,0,2026-01-01
Feb-2026,1078.81,525.0,800,200,100,1,2026-02-01
Feb-2026,1073.17,375.0,800,200,100,1,2026-02-01
Mar-2026,1091.41,300.0,800,200,100,0,2026-03-01
Mar-2026,1093.24,300.0,800,200,100,0,2026-03-01
Apr-2026,1067.79,300.0,800,200,100,0,2026-04-01
Apr-2026,1066.79,300.0,800,200,100,0,2026-04-01
May-2026,1087.46,300.0,800,200,100,0,2026-05-01
May-2026,1075.79,300.0,800,200,100,0,2026-05-01
Jun-2026,1103.53,300.0,800,200,100,0,2026-06-01
Jun-2026,1090.02,300.0,800,200,100,0,2026-06-01
Jul-2026,1110.43,300.0,800,200,100,0,2026-07-01
Jul-2026,1131.32,300.0,800,200,100,0,2026-07-01
