Year,Fuel_Price_NGN_per_Litre,Transport_Price_NGN,Fee_Bus_17Seater_NGN,Fee_ShuttleBus_7Seater_NGN,Fee_Tricycle_4Seater_NGN,Festive_Period
Jan-2016,87.57,15,100,30,15,0
Jan-2016,86.87,15,100,30,15,0
Feb-2016,87.75,15,100,30,15,0
Feb-2016,87.41,15,100,30,15,0
Mar-2016,86.15,25,100,30,15,1
Mar-2016,87.55,30,100,30,15,1
Apr-2016,87.6,15,100,30,15,0
Apr-2016,86.22,15,100,30,15,0
May-2016,144.83,20,150,40,20,0
May-2016,144.55,20,150,40,20,0
Jun-2016,146.49,20,150,40,20,0
Jun-2016,145.5,20,150,40,20,0
Jul-2016,146.12,20,150,40,20,0
Jul-2016,144.8,20,150,40,20,0
Aug-2016,145.19,20,150,40,20,0
Aug-2016,144.05,20,150,40,20,0
Sep-2016,143.48,20,150,40,20,0
Sep-2016,146.14,20,150,40,20,0
Oct-2016,145.46,20,150,40,20,0
Oct-2016,145.9,20,150,40,20,0
Nov-2016,144.49,20,150,40,20,0
Nov-2016,146.64,20,150,40,20,0
Dec-2016,146.37,20,150,40,20,0
Dec-2016,145.97,20,150,40,20,0
Jan-2017,143.94,20,150,40,20,0
Jan-2017,144.88,20,150,40,20,0
Feb-2017,143.41,20,150,40,20,0
Feb-2017,143.8,20,150,40,20,0
Mar-2017,146.63,35,150,40,20,1
Mar-2017,145.64,40,150,40,20,1
Apr-2017,144.55,20,150,40,20,0
Apr-2017,144.39,20,150,40,20,0
May-2017,144.89,20,150,40,20,0
May-2017,143.92,20,150,40,20,0
Jun-2017,143.71,20,150,40,20,0
Jun-2017,144.92,20,150,40,20,0
Jul-2017,144.05,20,150,40,20,0
Jul-2017,145.59,20,150,40,20,0
Aug-2017,144.78,20,150,40,20,0
Aug-2017,146.16,20,150,40,20,0
Sep-2017,145.7,20,150,40,20,0
Sep-2017,144.35,20,150,40,20,0
Oct-2017,146.16,20,150,40,20,0
Oct-2017,146.06,20,150,40,20,0
Nov-2017,144.61,20,150,40,20,0
Nov-2017,144.26,20,150,40,20,0
Dec-2017,143.75,20,150,40,20,0
Dec-2017,145.64,20,150,40,20,0
Jan-2018,143.96,20,150,40,20,0
Jan-2018,143.29,20,150,40,20,0
Feb-2018,146.0,20,150,40,20,0
Feb-2018,145.57,20,150,40,20,0
Mar-2018,145.71,30,150,40,20,1
Mar-2018,144.86,40,150,40,20,1
Apr-2018,145.24,20,150,40,20,0
Apr-2018,143.75,20,150,40,20,0
May-2018,143.66,20,150,40,20,0
May-2018,145.59,20,150,40,20,0
Jun-2018,144.9,20,150,40,20,0
Jun-2018,145.23,20,150,40,20,0
Jul-2018,145.92,20,150,40,20,0
Jul-2018,145.47,20,150,40,20,0
Aug-2018,145.21,20,150,40,20,0
Aug-2018,145.19,20,150,40,20,0
Sep-2018,144.32,20,150,40,20,0
Sep-2018,143.37,20,150,40,20,0
Oct-2018,144.78,20,150,40,20,0
Oct-2018,144.01,20,150,40,20,0
Nov-2018,144.68,20,150,40,20,0
Nov-2018,146.23,20,150,40,20,0
Dec-2018,144.07,20,150,40,20,0
Dec-2018,143.46,20,150,40,20,0
Jan-2019,144.24,20,150,40,20,0
Jan-2019,144.28,20,150,40,20,0
Feb-2019,145.56,20,150,40,20,0
Feb-2019,145.2,20,150,40,20,0
Mar-2019,145.99,40,150,40,20,1
Mar-2019,144.67,35,150,40,20,1
Apr-2019,143.84,20,150,40,20,0
Apr-2019,146.09,20,150,40,20,0
May-2019,143.34,20,150,40,20,0
May-2019,143.57,20,150,40,20,0
Jun-2019,145.77,20,150,40,20,0
Jun-2019,144.87,20,150,40,20,0
Jul-2019,143.82,20,150,40,20,0
Jul-2019,145.0,20,150,40,20,0
Aug-2019,143.79,20,150,40,20,0
Aug-2019,145.68,20,150,40,20,0
Sep-2019,144.81,20,150,40,20,0
Sep-2019,144.59,20,150,40,20,0
Oct-2019,144.31,20,150,40,20,0
Oct-2019,145.45,20,150,40,20,0
Nov-2019,144.52,20,150,40,20,0
Nov-2019,143.57,20,150,40,20,0
Dec-2019,146.61,20,150,40,20,0
Dec-2019,143.67,20,150,40,20,0
Jan-2020,146.42,20,150,40,20,0
Jan-2020,145.69,20,150,40,20,0
Feb-2020,144.19,20,150,40,20,0
Feb-2020,146.63,20,150,40,20,0
Mar-2020,125.84,30,200,50,25,0
Mar-2020,125.65,30,200,50,25,0
Apr-2020,123.35,30,200,50,25,0
Apr-2020,122.82,30,200,50,25,0
May-2020,120.32,30,200,50,25,0
May-2020,122.67,30,200,50,25,0
Jun-2020,121.37,30,200,50,25,0
Jun-2020,120.63,30,200,50,25,0
Jul-2020,138.26,30,200,50,25,0
Jul-2020,137.36,30,200,50,25,0
Aug-2020,146.85,30,200,50,25,0
Aug-2020,149.27,30,200,50,25,0
Sep-2020,152.5,50,250,70,35,0
Sep-2020,152.36,50,250,70,35,0
Oct-2020,157.74,50,250,70,35,0
Oct-2020,158.48,50,250,70,35,0
Nov-2020,163.33,50,250,70,35,0
Nov-2020,163.59,50,250,70,35,0
Dec-2020,166.32,50,250,70,35,0
Dec-2020,167.66,50,250,70,35,0
Jan-2021,165.28,50,250,70,35,0
Jan-2021,167.1,50,250,70,35,0
Feb-2021,165.56,50,250,70,35,0
Feb-2021,164.82,50,250,70,35,0
Mar-2021,164.77,90,250,70,35,1
Mar-2021,164.5,60,250,70,35,1
Apr-2021,166.25,50,250,70,35,0
Apr-2021,167.62,50,250,70,35,0
May-2021,165.16,50,250,70,35,0
May-2021,166.13,50,250,70,35,0
Jun-2021,163.71,50,250,70,35,0
Jun-2021,167.43,50,250,70,35,0
Jul-2021,165.29,50,250,70,35,0
Jul-2021,166.48,50,250,70,35,0
Aug-2021,163.45,50,250,70,35,0
Aug-2021,165.05,50,250,70,35,0
Sep-2021,164.81,50,250,70,35,0
Sep-2021,166.58,50,250,70,35,0
Oct-2021,166.51,50,250,70,35,0
Oct-2021,166.12,50,250,70,35,0
Nov-2021,166.66,50,250,70,35,0
Nov-2021,166.92,50,250,70,35,0
Dec-2021,165.53,50,250,70,35,0
Dec-2021,165.85,50,250,70,35,0
Jan-2022,164.49,70,300,90,45,0
Jan-2022,167.7,70,300,90,45,0
Feb-2022,172.04,70,300,90,45,0
Feb-2022,168.95,70,300,90,45,0
Mar-2022,185.54,105,300,90,45,1
Mar-2022,186.07,90,300,90,45,1
Apr-2022,171.75,70,300,90,45,0
Apr-2022,173.32,70,300,90,45,0
May-2022,174.02,70,300,90,45,0
May-2022,174.2,70,300,90,45,0
Jun-2022,174.23,70,300,90,45,0
Jun-2022,177.65,70,300,90,45,0
Jul-2022,181.49,90,380,110,55,0
Jul-2022,180.65,90,380,110,55,0
Aug-2022,188.87,90,380,110,55,0
Aug-2022,189.71,90,380,110,55,0
Sep-2022,193.17,90,380,110,55,0
Sep-2022,193.07,90,380,110,55,0
Oct-2022,194.43,90,380,110,55,0
Oct-2022,197.41,90,380,110,55,0
Nov-2022,201.46,90,380,110,55,0
Nov-2022,202.55,90,380,110,55,0
Dec-2022,204.98,90,380,110,55,0
Dec-2022,208.35,90,380,110,55,0
Jan-2023,216.39,100,450,130,65,0
Jan-2023,215.76,100,450,130,65,0
Feb-2023,229.74,100,450,130,65,0
Feb-2023,232.81,100,450,130,65,0
Mar-2023,243.49,100,450,130,65,0
Mar-2023,244.32,100,450,130,65,0
Apr-2023,256.4,100,450,130,65,0
Apr-2023,256.38,100,450,130,65,0
May-2023,238.22,100,450,130,65,0
May-2023,237.06,100,450,130,65,0
Jun-2023,553.59,225,550,150,75,1
Jun-2023,548.33,260,550,150,75,1
Jul-2023,610.99,150,550,150,75,0
Jul-2023,620.65,150,550,150,75,0
Aug-2023,618.0,150,550,150,75,0
Aug-2023,628.06,150,550,150,75,0
Sep-2023,622.19,150,550,150,75,0
Sep-2023,620.42,150,550,150,75,0
Oct-2023,635.64,150,550,150,75,0
Oct-2023,625.38,150,550,150,75,0
Nov-2023,652.8,150,550,150,75,0
Nov-2023,646.23,150,550,150,75,0
Dec-2023,666.97,150,550,150,75,0
Dec-2023,677.9,150,550,150,75,0
Jan-2024,676.11,180,620,170,85,0
Jan-2024,683.73,180,620,170,85,0
Feb-2024,694.32,180,620,170,85,0
Feb-2024,686.56,180,620,170,85,0
Mar-2024,687.96,360,620,170,85,1
Mar-2024,689.39,225,620,170,85,1
Apr-2024,695.04,180,620,170,85,0
Apr-2024,704.23,180,620,170,85,0
May-2024,762.63,180,620,170,85,0
May-2024,769.74,180,620,170,85,0
Jun-2024,753.67,180,620,170,85,0
Jun-2024,751.63,180,620,170,85,0
Jul-2024,794.24,200,700,180,90,0
Jul-2024,805.84,200,700,180,90,0
Aug-2024,885.05,200,700,180,90,0
Aug-2024,884.55,200,700,180,90,0
Sep-2024,1021.34,200,700,180,90,0
Sep-2024,1021.16,200,700,180,90,0
Oct-2024,1196.99,200,700,180,90,0
Oct-2024,1181.92,200,700,180,90,0
Nov-2024,1208.37,200,700,180,90,0
Nov-2024,1213.84,200,700,180,90,0
Dec-2024,1193.77,200,700,180,90,0
Dec-2024,1202.12,200,700,180,90,0
Jan-2025,1164.0,500,750,190,95,1
Jan-2025,1156.66,500,750,190,95,1
Feb-2025,1131.5,310,750,190,95,1
Feb-2025,1119.31,440,750,190,95,1
Mar-2025,1087.88,250,750,190,95,0
Mar-2025,1080.59,250,750,190,95,0
Apr-2025,1052.42,250,750,190,95,0
Apr-2025,1061.75,250,750,190,95,0
May-2025,1038.44,250,750,190,95,0
May-2025,1035.27,250,750,190,95,0
Jun-2025,1036.85,250,750,190,95,0
Jun-2025,1044.75,250,750,190,95,0
Jul-2025,1027.97,250,750,190,95,0
Jul-2025,1030.24,250,750,190,95,0
Aug-2025,1053.26,250,750,190,95,0
Aug-2025,1052.44,250,750,190,95,0
Sep-2025,1043.26,300,800,200,100,0
Sep-2025,1050.78,300,800,200,100,0
Oct-2025,1054.99,300,800,200,100,0
Oct-2025,1061.6,300,800,200,100,0
Nov-2025,1063.98,300,800,200,100,0
Nov-2025,1059.12,300,800,200,100,0
Dec-2025,1066.1,300,800,200,100,0
Dec-2025,1064.78,300,800,200,100,0
Jan-2026,1078.92,300,800,200,100,0
Jan-2026,1084.48,300,800,200,100,0
Feb-2026,1078.81,525,800,200,100,1
Feb-2026,1073.17,375,800,200,100,1
Mar-2026,1091.41,300,800,200,100,0
Mar-2026,1093.24,300,800,200,100,0
Apr-2026,1067.79,300,800,200,100,0
Apr-2026,1066.79,300,800,200,100,0
May-2026,1087.46,300,800,200,100,0
May-2026,1075.79,300,800,200,100,0
Jun-2026,1103.53,300,800,200,100,0
Jun-2026,1090.02,300,800,200,100,0
Jul-2026,1110.43,300,800,200,100,0
Jul-2026,1131.32,300,800,200,100,0
